shoulder,room,structure,muscle,joint,thigh,abdomen,arm,physical fitness,leg
joint,shoulder,leg,girl,muscle,thigh,photo shoot,abdomen,hip,trunk
shoulder,joint,photography,tights,standing,leg,girl,muscle,leggings,thigh
tights,leggings,leg,shoulder,joint,thigh,fashion accessory,human leg,standing,girl
beauty,human hair color,girl,model,lady,tree,photography,blond,photo shoot,leg
beauty,leg,girl,thigh,joint,model,shoulder,undergarment,muscle,photo shoot
gym,physical fitness,structure,room,thigh,weight training,sport venue,shoulder,human leg,strength training
footwear,textile,fashion accessory,shoulder,spandex,tights,leg,leggings,joint,material
room,thigh,shoulder,fashion accessory,joint,structure,leg,abdomen,muscle,arm
shoulder,room,thigh,leggings,joint,abdomen,active undergarment,leg,fashion accessory,tights
abdomen,purple,muscle,leg,thigh,trunk,shoulder,black hair,fitness professional,undergarment
thigh,joint,shoulder,grass,leg,trunk,plant,standing,abdomen,arm
muscle,black hair,girl,long hair,abdomen,undergarment,thigh
abdomen,thigh,shoulder,structure,trunk,muscle,joint,black hair,leg,arm
standing,joint,shoulder,structure,fashion accessory,gym,strength training,leg,exercise equipment,muscle
active undergarment,shoulder,muscle,arm,thigh,lingerie,undergarment,fitness professional,physical fitness,abdomen
lingerie,undergarment,thigh,leg,muscle,girl,active undergarment,black hair,joint,model
swimwear,vacation,sea,water,girl,boating,summer,vehicle,fun,beach
lingerie,selfie,undergarment,girl,active undergarment,gravure idol,muscle,thigh,brown hair,joint
room,shoulder,structure,standing,leg,thigh,joint,arm,human body,muscle
muscle,model,black hair,long hair,abdomen,supermodel,thigh,girl,computer wallpaper,brown hair
shoulder,girl,muscle,thigh,arm,hand,leg,long hair,joint,abdomen
shoulder,joint,leg,tights,leggings,thigh,textile,spandex,girl,abdomen
room,gym,physical fitness,shoulder,sport venue,joint,thigh,structure,leg,arm
room,shoulder,structure,standing,leg,thigh,joint,arm,human body,muscle
shoulder,selfie,muscle,barechestedness,abdomen,arm,joint,thigh,trunk,chest
active undergarment,muscle,undergarment,physical fitness,shoulder,briefs,joint,abdomen,arm,thigh
gym,weight training,structure,room,standing,shoulder,human leg,abdomen,thigh,joint
footwear,leg,thigh,structure,shoulder,human leg,joint,human body,arm,muscle
gym,weight training,exercise machine,structure,room,shoulder,exercise equipment,joint,physical fitness,human leg
gym,room,structure,shoulder,muscle,thigh,arm,leg,physical fitness,human leg
footwear,leg,girl,joint,shoulder,product,thigh,fashion,human body,shoe
room,shoulder,standing,joint,leg,girl,structure,muscle,arm,human leg
fashion accessory,shoulder,tights,leggings,active undergarment,muscle,leg,human leg,abdomen,thigh
room,gym,shoulder,structure,joint,leg,abdomen,fashion accessory,human leg,muscle
fashion accessory,shoulder,leggings,tights,joint,leg,textile,human leg,abdomen,muscle
gym,room,structure,sport venue,thigh,physical fitness,shoulder,weight training,leg,joint
gym,leg,thigh,room,human leg,weight training,structure,strength training,shoulder,physical fitness
gym,structure,weight training,room,shoulder,human leg,thigh,muscle,leg,physical fitness
gym,room,thigh,joint,structure,leg,shoulder,abdomen,human leg,physical fitness
human hair color,active undergarment,selfie,undergarment,shoulder,brassiere,girl,thigh,blond,lingerie
selfie,girl,active undergarment,muscle,long hair,brown hair,abdomen,product,thigh
gym,weight training,room,structure,active undergarment,shoulder,thigh,physical fitness,abdomen,standing
active undergarment,thigh,room,shoulder,gym,abdomen,weight training,physical fitness,structure,muscle
gym,weight training,structure,room,abdomen,thigh,exercise machine,shoulder,bodybuilder,physical fitness
active undergarment,shoulder,abdomen,muscle,undergarment,thigh,standing,arm,leg,fitness professional
active undergarment,beauty,structure,shoulder,abdomen,room,muscle,physical fitness,standing,fitness and figure competition
exercise equipment,thigh,room,physical fitness,joint,structure,shoulder,strength training,abdomen,leg
active undergarment,bodybuilder,shoulder,physical fitness,muscle,abdomen,thigh,arm,leg,bodybuilding
gym,structure,exercise machine,weight training,room,shoulder,standing,joint,thigh,abdomen
gym,standing,exercise equipment,abdomen,room,thigh,structure,joint,shoulder,human leg
footwear,gym,room,thigh,structure,joint,shoulder,weight training,leg,physical fitness
standing,strength training,joint,shoulder,thigh,human leg,arm,leg,physical fitness,abdomen
